{"cameraMode":{"drawMode":0,"name":"Shaded","section":"Shading Mode"},"sceneLighting":false,"audioPlay":false,"sceneViewState":{"m_AlwaysRefresh":false,"showFog":false,"showSkybox":false,"showFlares":false,"showImageEffects":false,"showParticleSystems":false,"showVisualEffectGraphs":true,"m_FxEnabled":true},"in2DMode":false,"pivot":{"x":-0.00004786252975463867,"y":0.8667935729026794,"z":0.011434197425842286},"rotation":{"x":0.532580554485321,"y":0.0014607574557885528,"z":-0.0015881899744272233,"w":0.846484899520874},"size":1.3656638860702515,"orthographic":false}