{"cameraMode":{"drawMode":0,"name":"Shaded","section":"Shading Mode"},"sceneLighting":false,"audioPlay":false,"sceneViewState":{"m_AlwaysRefresh":false,"showFog":true,"showSkybox":false,"showFlares":true,"showImageEffects":true,"showParticleSystems":true,"showVisualEffectGraphs":true,"m_FxEnabled":true},"in2DMode":false,"pivot":{"x":-1.4984633922576905,"y":1.0289403200149537,"z":1.5285242795944214},"rotation":{"x":0.2466328740119934,"y":0.6950582265853882,"z":-0.27867212891578677,"w":0.6151536107063294},"size":0.8660253882408142,"orthographic":false}