{"cameraMode":{"drawMode":0,"name":"Shaded","section":"Shading Mode"},"sceneLighting":false,"audioPlay":false,"sceneViewState":{"m_AlwaysRefresh":true,"showFog":true,"showSkybox":false,"showFlares":true,"showImageEffects":true,"showParticleSystems":true,"showVisualEffectGraphs":true,"m_FxEnabled":true},"in2DMode":false,"pivot":{"x":-3.166872501373291,"y":2.3299999237060549,"z":-0.4237656593322754},"rotation":{"x":0.36770325899124148,"y":-0.05431348457932472,"z":0.020434273406863214,"w":0.9282790422439575},"size":0.8660253882408142,"orthographic":false}