{"cameraMode":{"drawMode":0,"name":"Shaded","section":"Shading Mode"},"sceneLighting":true,"audioPlay":false,"sceneViewState":{"m_AlwaysRefresh":true,"showFog":true,"showSkybox":true,"showFlares":true,"showImageEffects":true,"showParticleSystems":true,"showVisualEffectGraphs":true,"m_FxEnabled":true},"in2DMode":false,"pivot":{"x":-0.45672091841697695,"y":0.3052130341529846,"z":0.40212953090667727},"rotation":{"x":-0.24536770582199098,"y":0.15623369812965394,"z":-0.039337124675512317,"w":-0.9561113715171814},"size":2.1841018199920656,"orthographic":false}